{"count":1,"self":77.340857599999993,"total":78.2514054,"children":{"InitializeActuators":{"count":2,"self":0.0045049999999999995,"total":0.0045049999999999995,"children":null},"InitializeSensors":{"count":2,"self":0.0025101999999999998,"total":0.0025101999999999998,"children":null},"AgentSendState":{"count":3565,"self":0.041212399999999996,"total":0.090191399999999991,"children":{"CollectObservations":{"count":714,"self":0.013980999999999999,"total":0.013980999999999999,"children":null},"WriteActionMask":{"count":714,"self":0.0049838,"total":0.0049838,"children":null},"RequestDecision":{"count":714,"self":0.030014199999999998,"total":0.030014199999999998,"children":null}}},"DecideAction":{"count":3565,"self":0.7307929,"total":0.7307929,"children":null},"AgentAct":{"count":3565,"self":0.0805543,"total":0.0805543,"children":null}},"gauges":{"EnemyAgent.CumulativeReward":{"count":112,"max":0.853,"min":-1,"runningAverage":-0.0507946573,"value":0,"weightedAverage":-1.65148263E-13}},"metadata":{"timer_format_version":"0.1.0","start_time_seconds":"1712517972","unity_version":"2022.3.21f1","command_line_arguments":"C:\\Program Files\\Unity\\Hub\\Editor\\2022.3.21f1\\Editor\\Unity.exe -projectpath C:\\Users\\xxeri\\Documents\\GitHub\\spaceDefendAi -useHub -hubIPC -cloudEnvironment production -licensingIpc LicenseClient-xxeri -hubSessionId 2755fc36-0e1e-44d0-b33d-089917078ff2 -accessToken EnxAeMOZ4HW2hplPxThCrxox9barNvIxn7JYQG3vrPA008f","communication_protocol_version":"1.5.0","com.unity.ml-agents_version":"2.0.1","scene_name":"game scene","end_time_seconds":"1712518050"}}